comment,source,title
32,央视网,习近平同菲律宾总统谈了哪些话题？
5,人民日报,今天的中国，是紧密联系世界的中国
5734,国际锐评,美国作为头号毒株流行国，居然贼喊捉贼
3,许医生科普,第二波疫情高峰什么时候来？钟南山院士预测：疫情结束时间
37,小包小友宝宝,国内第一波感染高峰基本结束，专家说第二波感染高峰要等6个月！
0,云影云思,我是怎样防到现在不阳的——兼谈一些防疫攻略
74,王耳朵的观点,XBB登陆杭州上海：二次感染症状有多重？3位亲历者说出自己的感受
3,仁墨行,又出现新毒株？胡锡进：我们要做好三个准备
32,曼心怡,张文宏：第二波感染高峰时间预测出炉，放开后是否过于乐观？
0,在读此书头条,为什么疫情这么严重，上报的数据还这么少？
5315,古灮科学,2023春节放假通知出炉！网民称不如不放，“调休”是谁提出的？
136,红星新闻,杭州女子后怕：80岁老父亲阳了没发烧没咳嗽，结果一查半个肺都白了！这些情况一定要就医
0,奈良的厨房,新冠“阳转阴”后，多久能正常和人接触？“阳”过后还用防护吗？
1381,小丁看体娱,蔡明，一切都该结束了
0,昆仑之子,让全世界高度关注的XBB.1.5毒珠是什么？最新权威解答
0,莲爱林儿,事实证明：国家的做法太明智了，全面放开的时间点太正确了
0,北青网,国务院联防联控机制综合组发布《关于优化内地与港澳人员往来措施的通知》
193,李越峰lyf,二次感染到底多可怕？会影响男性生殖吗？专家的解答太重要！
1万,一条,重症高峰正在到来，殡葬公司每天对接200个家庭
459,北青网,太突然！国产饮料巨头宣布破产！
0,爱生活的小凉虾,这波感染高峰过后，2023年新冠疫情会结束吗？
397,困困有态度,感染破千万后，上海终于发大招！该来的果然来了！
255,盖饭娱乐官方号,霍建华林心如外出聚餐，膀大腰圆肚子大，与林心如同框像父女
2992,每日经济新闻,官宣签约仅1天后，275万合同就黄了？知名品牌突发公告：取消与郎朗夫妇代言合作
0,武汉新闻广播,"""阳""后不少人眼睛中招，医生提醒：警惕病毒性角膜炎"
12,极目新闻,曾经一盒难求，如今有人挥泪甩卖，抗原试剂盒如坐过山车
0,十月航迹,白俄罗斯拉响警钟，战斗可能随时打响！乌克兰惹了不该惹的人
6051,九派新闻,江西一渣土车侧翻压扁轿车致司机死亡，附近商户：逝世司机女儿蹲地痛哭，渣土车司机被警方带走
108,八零姑娘V,烟花还没解禁，河南名声倒先臭了
28,家庭早教师可妈,奥密克戎后劲太大？阳康后别大意，出现5种情况可能是后遗症
0,莉医生科普谈,“阳了”之后洗澡会加重病情吗？王贵强主任回应：早阳早好不可行
