title,url,rate,director,length
塔楼上,https://movie.douban.com/subject/36015057/,7.5,洪常秀,
塔楼上,https://movie.douban.com/subject/36015057/,7.5,斯科特·曼,
塔楼上,https://movie.douban.com/subject/36015057/,7.5,原田真人,
塔楼上,https://movie.douban.com/subject/36015057/,7.5,格拉汉姆·摩尔,
塔楼上,https://movie.douban.com/subject/36015057/,7.5,朗·霍华德,
塔楼上,https://movie.douban.com/subject/36015057/,7.5,缇·威斯特,
塔楼上,https://movie.douban.com/subject/36015057/,7.5,斯图尔特·斯瓦桑,
塔楼上,https://movie.douban.com/subject/36015057/,7.5,彼得·法雷里,
塔楼上,https://movie.douban.com/subject/36015057/,7.5,诺亚·鲍姆巴赫,
塔楼上,https://movie.douban.com/subject/36015057/,7.5,石之予,
塔楼上,https://movie.douban.com/subject/36015057/,7.5,关家永,
塔楼上,https://movie.douban.com/subject/36015057/,7.5,李日炯,
塔楼上,https://movie.douban.com/subject/36015057/,7.5,安德烈·巴托夫,
塔楼上,https://movie.douban.com/subject/36015057/,7.5,亚历杭德罗·冈萨雷斯·伊纳里图,
塔楼上,https://movie.douban.com/subject/36015057/,7.5,约瑟夫·科辛斯基,
塔楼上,https://movie.douban.com/subject/36015057/,7.5,阿里·阿巴西,
塔楼上,https://movie.douban.com/subject/36015057/,7.5,朴奎泰,
塔楼上,https://movie.douban.com/subject/36015057/,7.5,Dijo Jose Antony,
塔楼上,https://movie.douban.com/subject/36015057/,7.5,唐·霍尔,
塔楼上,https://movie.douban.com/subject/36015057/,7.5,马修·沃楚斯,
塔楼上,https://movie.douban.com/subject/36015057/,7.5,满仲劝,
塔楼上,https://movie.douban.com/subject/36015057/,7.5,安东尼·福奎阿,
塔楼上,https://movie.douban.com/subject/36015057/,7.5,托德·菲尔德,
塔楼上,https://movie.douban.com/subject/36015057/,7.5,苏菲·海德,
塔楼上,https://movie.douban.com/subject/36015057/,7.5,奥利维亚·纽曼,
塔楼上,https://movie.douban.com/subject/36015057/,7.5,卢卡·瓜达尼诺,
塔楼上,https://movie.douban.com/subject/36015057/,7.5,玛丽亚·施拉德,
塔楼上,https://movie.douban.com/subject/36015057/,7.5,鲁本·奥斯特伦德,
塔楼上,https://movie.douban.com/subject/36015057/,7.5,奥里奥尔·保罗,
塔楼上,https://movie.douban.com/subject/36015057/,7.5,马克·米罗,
塔楼上,https://movie.douban.com/subject/36015057/,7.5,托米·维尔科拉,
塔楼上,https://movie.douban.com/subject/36015057/,7.5,狩山俊辅,
塔楼上,https://movie.douban.com/subject/36015057/,7.5,汪英伦,
塔楼上,https://movie.douban.com/subject/36015057/,7.5,吉尔莫·德尔·托罗,
塔楼上,https://movie.douban.com/subject/36015057/,7.5,朴赞郁,
塔楼上,https://movie.douban.com/subject/36015057/,7.5,塞姆·萨迪克,
塔楼上,https://movie.douban.com/subject/36015057/,7.5,饶晓志,
塔楼上,https://movie.douban.com/subject/36015057/,7.5,爱德华·贝尔格,
塔楼上,https://movie.douban.com/subject/36015057/,7.5,卢卡斯·德霍特,
塔楼上,https://movie.douban.com/subject/36015057/,7.5,米夏埃尔·艾斯,
塔楼上,https://movie.douban.com/subject/36015057/,7.5,谷口悟朗,
塔楼上,https://movie.douban.com/subject/36015057/,7.5,陈咏燊,
塔楼上,https://movie.douban.com/subject/36015057/,7.5,史蒂文·斯皮尔伯格,
塔楼上,https://movie.douban.com/subject/36015057/,7.5,大卫·雷奇,
塔楼上,https://movie.douban.com/subject/36015057/,7.5,迈克尔·肖沃特,
塔楼上,https://movie.douban.com/subject/36015057/,7.5,Abhishek Pathak,
塔楼上,https://movie.douban.com/subject/36015057/,7.5,马丁·麦克唐纳,
塔楼上,https://movie.douban.com/subject/36015057/,7.5,夏洛特·威尔斯,
塔楼上,https://movie.douban.com/subject/36015057/,7.5,米歇尔·阿扎纳维西于斯,
塔楼上,https://movie.douban.com/subject/36015057/,7.5,莱恩·约翰逊,
